/*
SQLyog Community Edition- MySQL GUI v6.04
Host - 5.5.25a : Database - discount_radius
*********************************************************************
Server version : 5.5.25a
*/

/*!40101 SET NAMES utf8 */;

/*!40101 SET SQL_MODE=''*/;

create database if not exists `discount_radius`;

USE `discount_radius`;

/*!40014 SET @OLD_FOREIGN_KEY_CHECKS=@@FOREIGN_KEY_CHECKS, FOREIGN_KEY_CHECKS=0 */;
/*!40101 SET @OLD_SQL_MODE=@@SQL_MODE, SQL_MODE='NO_AUTO_VALUE_ON_ZERO' */;

/*Table structure for table `brand` */

DROP TABLE IF EXISTS `brand`;

CREATE TABLE `brand` (
  `BR_ID` int(11) NOT NULL AUTO_INCREMENT,
  `BR_CAT_ID` int(11) DEFAULT NULL,
  `BR_SUB_CAT_ID` int(11) DEFAULT NULL,
  `BR_NAME` varchar(200) DEFAULT NULL,
  `BR_COMP_NAME` varchar(100) DEFAULT NULL,
  `BR_LOCATION` varchar(200) DEFAULT NULL,
  `BR_CITY` varchar(100) DEFAULT NULL,
  `BR_COLLECTION` varchar(50) DEFAULT NULL,
  `BR_OFFER` varchar(50) DEFAULT NULL,
  `BR_OFFER_STARTS` datetime DEFAULT NULL,
  `BR_OFFER_ENDS` datetime DEFAULT NULL,
  `BR_PIC_NAME` varchar(50) DEFAULT NULL,
  `BR_ADDED_ON` timestamp NOT NULL DEFAULT CURRENT_TIMESTAMP ON UPDATE CURRENT_TIMESTAMP,
  PRIMARY KEY (`BR_ID`)
) ENGINE=InnoDB AUTO_INCREMENT=9 DEFAULT CHARSET=latin1;

/*Data for the table `brand` */

insert  into `brand`(`BR_ID`,`BR_CAT_ID`,`BR_SUB_CAT_ID`,`BR_NAME`,`BR_COMP_NAME`,`BR_LOCATION`,`BR_CITY`,`BR_COLLECTION`,`BR_OFFER`,`BR_OFFER_STARTS`,`BR_OFFER_ENDS`,`BR_PIC_NAME`,`BR_ADDED_ON`) values (1,2,1,'asdaSDA','SDASD','ASDASD','SADASD','asd','','0000-00-00 00:00:00','0000-00-00 00:00:00',NULL,'2012-08-02 16:55:33'),(2,1,0,'JISM 2','Bhatt production','film city','mumbai','jism 2 collection','','0000-00-00 00:00:00','0000-00-00 00:00:00','jism2.jpg','2012-08-03 19:56:30'),(3,3,4,'Laptop','Dell','Andheri ','Mumbai','Dell inspiron 15\'inch','20%off','0000-00-00 00:00:00','0000-00-00 00:00:00',NULL,'2012-08-02 15:26:36'),(4,1,3,'Dell','Dell','Ghod bunder road','Thane','Dell 15 inch Laptop','5% off for 1st 10','0000-00-00 00:00:00','0000-00-00 00:00:00','dell.jpg','2012-08-03 12:33:23'),(5,2,1,'LG','LG Electronics','Manpada','Thane','Lg Flatron','10 % Offf','0000-00-00 00:00:00','0000-00-00 00:00:00','lg flat tv.jpg','2012-08-02 16:45:30'),(6,1,3,'Intext','Intex Pvt Ltd','Station Road','Thane','Intex Desktop Computer','','0000-00-00 00:00:00','0000-00-00 00:00:00','images.jpg','2012-08-03 15:12:23'),(7,2,0,'Sony','Sony digital','Manpada','Thane','Sony Flatron wega','2% off','2012-08-03 03:47:49','2012-08-03 03:47:53','Sony Wega.jpg','2012-08-03 19:43:57'),(8,3,4,'asf','asfasf','afsaf','sdf','asdf','sdf','2012-08-03 04:56:47','2012-08-04 04:56:50','','2012-08-03 16:56:56');

/*Table structure for table `brand_details` */

DROP TABLE IF EXISTS `brand_details`;

CREATE TABLE `brand_details` (
  `BRAND_DATA_ID` int(11) NOT NULL AUTO_INCREMENT,
  `CAT_ID` int(11) DEFAULT NULL,
  `BRAND_TYPE` varchar(5000) NOT NULL,
  `BRAND_ID` int(11) DEFAULT NULL,
  `BRAND_NAME` varchar(5000) NOT NULL,
  `BRAND_INFO` text,
  `ADDED_ON` timestamp NOT NULL DEFAULT CURRENT_TIMESTAMP,
  `CONTACT_PERSON` varchar(5000) DEFAULT NULL,
  `PHONE` varchar(5000) DEFAULT NULL,
  `FAX` varchar(5000) DEFAULT NULL,
  `EMAIL` varchar(5000) DEFAULT NULL,
  `WEBSITE` varchar(5000) DEFAULT NULL,
  `BUSINESS_ADDRESS` text,
  `MOBILE` varchar(5000) DEFAULT NULL,
  `CITY` varchar(5000) DEFAULT NULL,
  `PINCODE` varchar(5000) DEFAULT NULL,
  PRIMARY KEY (`BRAND_DATA_ID`)
) ENGINE=MyISAM AUTO_INCREMENT=155 DEFAULT CHARSET=latin1;

/*Data for the table `brand_details` */

insert  into `brand_details`(`BRAND_DATA_ID`,`CAT_ID`,`BRAND_TYPE`,`BRAND_ID`,`BRAND_NAME`,`BRAND_INFO`,`ADDED_ON`,`CONTACT_PERSON`,`PHONE`,`FAX`,`EMAIL`,`WEBSITE`,`BUSINESS_ADDRESS`,`MOBILE`,`CITY`,`PINCODE`) values (1,2,'Electronics',10,'Videocon','+(91)-(22)-26484652, 26486357, Linking Road,Bandra West,Mumbai - 400050','2012-08-06 13:21:06','','+(91)-(22)-26484652, 26486357','','','','Linking Road,Bandra West,Mumbai - 400050','','Mumbai','400050'),(2,2,'Electronics',10,'Videocon','+(91)-(22)-28306697, Aurum, Ground Floor, Sawant House,Opposite Gurunanak Petrol Pump,M V Road,Andheri East,Mumbai - 400059','2012-08-06 13:21:07','','+(91)-(22)-28306697','','','','Aurum, Ground Floor, Sawant House,Opposite Gurunanak Petrol Pump,M V Road,Andheri East,Mumbai - 400059','','Mumbai','400059'),(3,2,'Electronics',2,'Ezone','Mr Pawan Mantri(Store Manager), +(91)-(22)-28410011, 18004257722, , www.ezoneonline.in, Shop No S 23, 2ND Floor, Oberoi Mall,Oberoi Garden City,Western Express Highway,Goregaon East,Mumbai - 400065','2012-08-06 13:21:13','Mr Pawan Mantri(Store Manager)','+(91)-(22)-28410011, 18004257722','','','www.ezoneonline.in','Shop No S 23, 2ND Floor, Oberoi Mall,Oberoi Garden City,Western Express Highway,Goregaon East,Mumbai - 400065','','Mumbai','400065'),(4,2,'Electronics',2,'Ezone','Mr Vikram Prasad(Store Manager), +(91)-(22)-28891919, 18004257722,18002095001, , www.ezoneonline.in, Infiniti Mall, Lower Ground Floor, Store No 3,Next To Goregaon Sports Complex,Link Road,Malad West,Mumbai - 400064','2012-08-06 13:21:13','Mr Vikram Prasad(Store Manager)','+(91)-(22)-28891919, 18004257722,18002095001','','','www.ezoneonline.in','Infiniti Mall, Lower Ground Floor, Store No 3,Next To Goregaon Sports Complex,Link Road,Malad West,Mumbai - 400064','','Mumbai','400064'),(5,2,'Electronics',2,'Ezone','Mr Vijay Motwani(Store Manager), +(91)-(22)-67144363, 18004257722, , www.ezoneonline.in www.pantaloon.com, Unit No 1, 1ST Floor, Milan Mall,Milan Subway,Santacruz West,Mumbai - 400054','2012-08-06 13:21:14','Mr Vijay Motwani(Store Manager)','+(91)-(22)-67144363, 18004257722','','','www.ezoneonline.in www.pantaloon.com','Unit No 1, 1ST Floor, Milan Mall,Milan Subway,Santacruz West,Mumbai - 400054','','Mumbai','400054'),(6,2,'Electronics',2,'Ezone','Mr Denzil Rodricks(Store Manager), +(91)-(22)-30089344, 30089345, 18004257722, , www.futurebazaar.com www.ezoneonline.in, C Wing, Sobo Central,Next To Tardeo AC Market, Near Haji Ali,Pandit Madan Mohan Malviya Road,Tardeo,Mumbai - 400034','2012-08-06 13:21:15','Mr Denzil Rodricks(Store Manager)','+(91)-(22)-30089344, 30089345, 18004257722','','','www.futurebazaar.com www.ezoneonline.in','C Wing, Sobo Central,Next To Tardeo AC Market, Near Haji Ali,Pandit Madan Mohan Malviya Road,Tardeo,Mumbai - 400034','','Mumbai','400034'),(7,2,'Electronics',2,'Ezone','Mr Ibrahim Sayed(Store Manager), +(91)-(22)-25717355, 25717356, 18004257722, , www.ezoneonline.in www.futuregroup.in, 2ND Floor, Haiko Mall, Central Avenue,Hiranandani Garden,Powai,Mumbai - 400076','2012-08-06 13:21:16','Mr Ibrahim Sayed(Store Manager)','+(91)-(22)-25717355, 25717356, 18004257722','','','www.ezoneonline.in www.futuregroup.in','2ND Floor, Haiko Mall, Central Avenue,Hiranandani Garden,Powai,Mumbai - 400076','','Mumbai','400076'),(8,2,'Electronics',2,'Ezone','Mr Pawan Mantry(Store Manager),Mr Rajesh Udekar, +(91)-(22)-32039723, 32039749, 18004257722, , www.ezoneonline.in, Shop No 11, 2ND Floor, Raghuleela Mega Mall,Behind Poisar Bus Depot,Kandivali West,Mumbai - 400067','2012-08-06 13:21:17','Mr Pawan Mantry(Store Manager),Mr Rajesh Udekar','+(91)-(22)-32039723, 32039749, 18004257722','','','www.ezoneonline.in','Shop No 11, 2ND Floor, Raghuleela Mega Mall,Behind Poisar Bus Depot,Kandivali West,Mumbai - 400067','','Mumbai','400067'),(9,2,'Electronics',2,'Ezone','+(91)-(22)-25203475, 25203476, 18002095001, , www.ezoneonline.in www.pantaloon.com, Shop No 4/5, 1ST Floor, K Star Mall,Near Diamond Garden,Sion Trombay Road,Chembur East,Mumbai - 400071','2012-08-06 13:21:18','','+(91)-(22)-25203475, 25203476, 18002095001','','','www.ezoneonline.in www.pantaloon.com','Shop No 4/5, 1ST Floor, K Star Mall,Near Diamond Garden,Sion Trombay Road,Chembur East,Mumbai - 400071','','Mumbai','400071'),(10,2,'Electronics',2,'Ezone','Mr Ashish Jalan(Store Manager), +(91)-(22)-67582415, 67582419, 18004257722, www.ezoneonline.in, Growel Mall 101, Shop No 13/15, 1ST Floor,Near Big Bazaar,Kandivali East,Mumbai - 400101','2012-08-06 13:21:19','Mr Ashish Jalan(Store Manager)','+(91)-(22)-67582415, 67582419, 18004257722','','','www.ezoneonline.in','Growel Mall 101, Shop No 13/15, 1ST Floor,Near Big Bazaar,Kandivali East,Mumbai - 400101','','Mumbai','400101'),(11,2,'Electronics',2,'Ezone','Mr Zafer Khan(Department Manager), +(91)-(22)-39520148, 18002095001, www.ezoneonline.in, 2ND Floor, Raghuleela Mall,Opposite Vashi Railway Station, Near Home Town, Sector No 30,Vashi,Navi Mumbai - 400703','2012-08-06 13:21:21','Mr Zafer Khan(Department Manager)','+(91)-(22)-39520148, 18002095001','','','www.ezoneonline.in','2ND Floor, Raghuleela Mall,Opposite Vashi Railway Station, Near Home Town, Sector No 30,Vashi,Navi Mumbai - 400703','','Navi Mumbai','400703'),(12,2,'Electronics',2,'Ezone','Mr Jitendra(Store Manager), +(91)-(251)-3058533, 2351991, 18002095001,18004257722, www.ezoneonline.in, G 31, Metro Junction Mall,Nati Walli Village,Kalyan City,Thane - 421301','2012-08-06 13:21:21','Mr Jitendra(Store Manager)','+(91)-(251)-3058533, 2351991, 18002095001,18004257722','','','www.ezoneonline.in','G 31, Metro Junction Mall,Nati Walli Village,Kalyan City,Thane - 421301','','Thane','421301'),(13,2,'Electronics',2,'Ezone','Mr Amit(Store Manager), +(91)-(22)-61775244, 61775242, 18002095001, www.ezoneonline.in, C/O Home Town, Shop No 24/7, Park Hill Cone House,L B S Marg,Vikhroli West,Mumbai - 400079','2012-08-06 13:21:22','Mr Amit(Store Manager)','+(91)-(22)-61775244, 61775242, 18002095001','','','www.ezoneonline.in','C/O Home Town, Shop No 24/7, Park Hill Cone House,L B S Marg,Vikhroli West,Mumbai - 400079','','Mumbai','400079'),(14,2,'Electronics',2,'Ezone','+(91)-(22)-23893848, 325 Shop No 21 Abid House Bldg Popular Departmental Stores,Opp Police Station,Lamington Road,Grant Road,Mumbai - 400007','2012-08-06 13:21:24','','+(91)-(22)-23893848','','','','325 Shop No 21 Abid House Bldg Popular Departmental Stores,Opp Police Station,Lamington Road,Grant Road,Mumbai - 400007','','Mumbai','400007'),(15,2,'Electronics',2,'Ezone','Mr K S Talekar, +(91)-(22)-23812344, 325 Abid House Shop No 20,Opp Police STN,Lamington RD,Grant Road,Mumbai - 400007','2012-08-06 13:21:25','Mr K S Talekar','+(91)-(22)-23812344','','','','325 Abid House Shop No 20,Opp Police STN,Lamington RD,Grant Road,Mumbai - 400007','','Mumbai','400007'),(16,2,'Electronics',2,'Ezone','Mr T K Poojary,MS Rekha T Poojary, +(91)-(22)-28635293, 28635297, G 2, B Wing, Pranik Garden,Opposite Ratnakar Building, Mahavir Nagar,Kandivali West,Mumbai - 400067','2012-08-06 13:21:27','Mr T K Poojary,MS Rekha T Poojary','+(91)-(22)-28635293, 28635297','','','','G 2, B Wing, Pranik Garden,Opposite Ratnakar Building, Mahavir Nagar,Kandivali West,Mumbai - 400067','','Mumbai','400067'),(17,2,'Electronics',4,'Rahul Electronics','+(91)-(22)-28782918, 28782981, Shop No 12/13, Hiren Shopping Centre,Opposite Ratna Hotel, Near Citi Shopping Centre,S V Road,Goregaon West,Mumbai - 400062','2012-08-06 13:21:35','','+(91)-(22)-28782918, 28782981','','','','Shop No 12/13, Hiren Shopping Centre,Opposite Ratna Hotel, Near Citi Shopping Centre,S V Road,Goregaon West,Mumbai - 400062','','Mumbai','400062'),(18,2,'Electronics',4,'Rahul Electronics','Mr Suresh Bhai(Store Manager), +(91)-(22)-28281297, 28281061, +(91)-(22)-28281297, Shop No 3/4/5/6, Matru Ashish Building,Opposite Maratha Sahakari Bank,Near Dahisar Subway,Raj Kumar Thakur Lane,Dahisar,Mumbai - 400068','2012-08-06 13:21:37','Mr Suresh Bhai(Store Manager)','+(91)-(22)-28281297, 28281061','+(91)-(22)-28281297','','','Shop No 3/4/5/6, Matru Ashish Building,Opposite Maratha Sahakari Bank,Near Dahisar Subway,Raj Kumar Thakur Lane,Dahisar,Mumbai - 400068','','Mumbai','400068'),(19,2,'Electronics',4,'Rahul Electronics','Mr Sachin(Store Manager), +(91)-(22)-28723612, 28778640, Shop No A 1/2, Tulsideep Building,Near Cinemax Theater,S V Road,Goregaon West,Mumbai - 400104','2012-08-06 13:21:37','Mr Sachin(Store Manager)','+(91)-(22)-28723612, 28778640','','','','Shop No A 1/2, Tulsideep Building,Near Cinemax Theater,S V Road,Goregaon West,Mumbai - 400104','','Mumbai','400104'),(20,2,'Electronics',4,'Rahul Electronics','Mr Nitin(Manager), +(91)-(22)-28928345, , Shop No 1, Ground Floor, Hari OM Plaza,Near Sukarwadi Bus Depot,M G Road,Borivali East,Mumbai - 400066','2012-08-06 13:21:39','Mr Nitin(Manager)','+(91)-(22)-28928345','','','','Shop No 1, Ground Floor, Hari OM Plaza,Near Sukarwadi Bus Depot,M G Road,Borivali East,Mumbai - 400066','','Mumbai','400066'),(21,2,'Electronics',4,'Rahul Electronics','+(91)-(22)-28778640, 2872361, 28724369, 27823612, Shop No D/2,Kumud Nagar, Near Cinemax Theater,S V Road,Goregaon West,Mumbai - 400062','2012-08-06 13:21:39','','+(91)-(22)-28778640, 2872361, 28724369, 27823612','','','','Shop No D/2,Kumud Nagar, Near Cinemax Theater,S V Road,Goregaon West,Mumbai - 400062','','Mumbai','400062'),(22,2,'Electronics',4,'Rahul Electronics','Mr Pravin Jain(Store Manager), +(91)-(22)-28593864, 25031444, Shop No 40/2, Friendship Apartment,Kajupada Pipeline,Kurla West,Mumbai - 400070','2012-08-06 13:21:40','Mr Pravin Jain(Store Manager)','+(91)-(22)-28593864, 25031444','','','','Shop No 40/2, Friendship Apartment,Kajupada Pipeline,Kurla West,Mumbai - 400070','','Mumbai','400070'),(23,2,'Electronics',4,'Rahul Electronics','Mr Bharat Nandu(Proprietor),Mr Bhavin Nandu, +(91)-(22)-22024444, 9821854444, +(91)-(22)-22840174, , Ground Floor, Prem Court Building,Behind Samrat Hotel,J Tata Road,Churchgate,Mumbai - 400020','2012-08-06 13:21:42','Mr Bharat Nandu(Proprietor),Mr Bhavin Nandu','+(91)-(22)-22024444','+(91)-(22)-22840174','','','Ground Floor, Prem Court Building,Behind Samrat Hotel,J Tata Road,Churchgate,Mumbai - 400020','9821854444','Mumbai','400020'),(24,2,'Electronics',4,'Rahul Electronics','+(91)-(22)-26131726, Shop No 5 Dasturi Chawl,Khotwadi,Santacruz West,Mumbai - 400054','2012-08-06 13:21:42','','+(91)-(22)-26131726','','','','Shop No 5 Dasturi Chawl,Khotwadi,Santacruz West,Mumbai - 400054','','Mumbai','400054'),(25,2,'Electronics',4,'Rahul Electronics','Mr Subhash Gupta, +(91)-(22)-32438264, Shop No 15 Viceron Court,Opposite Dominos Pizza Thakur Village,kandivali east,Mumbai - 400101','2012-08-06 13:21:44','Mr Subhash Gupta','+(91)-(22)-32438264','','','','Shop No 15 Viceron Court,Opposite Dominos Pizza Thakur Village,kandivali east,Mumbai - 400101','','Mumbai','400101'),(26,2,'Electronics',4,'Rahul Electronics','Mr Deepak Shah, Ekta Coop HSG Soc, Plot No B/32, Shop No 1,Sec-23,Nerul,Navi Mumbai - 400706','2012-08-06 13:21:45','Mr Deepak Shah','','','','','Ekta Coop HSG Soc, Plot No B/32, Shop No 1,Sec-23,Nerul,Navi Mumbai - 400706','','Navi Mumbai','400706'),(27,2,'Electronics',4,'Rahul Electronics','Sunil Mehta, +(91)-(22)-25113233, 25160125, 8 Laxmi Palace,R B Mehta Marg Gofeet Rd,Ghatkopar East,Mumbai - 400077','2012-08-06 13:21:46','Sunil Mehta','+(91)-(22)-25113233, 25160125','','','','8 Laxmi Palace,R B Mehta Marg Gofeet Rd,Ghatkopar East,Mumbai - 400077','','Mumbai','400077'),(28,2,'Electronics',4,'Rahul Electronics','Mr Rahul OZA, Shop No 13, Moti Bazar,Opp Vitthal Mandir,Station Road,Thane West,Thane - 400601','2012-08-06 13:21:48','Mr Rahul OZA','','','','','Shop No 13, Moti Bazar,Opp Vitthal Mandir,Station Road,Thane West,Thane - 400601','','Thane','400601'),(29,2,'Electronics',4,'Rahul Electronics','Mr Rahul, Shop No. 15,16,17,Near Bhart Cinema,Section-17,Ulhasnagar No 3,Thane - 421003','2012-08-06 13:21:48','Mr Rahul','','','','','Shop No. 15,16,17,Near Bhart Cinema,Section-17,Ulhasnagar No 3,Thane - 421003','','Thane','421003'),(30,2,'Electronics',4,'Rahul Electronics','+(91)-(2525)-4485, Manor Road,Palghar,Thane - 401404','2012-08-06 13:21:50','','+(91)-(2525)-4485','','','','Manor Road,Palghar,Thane - 401404','','Thane','401404'),(31,2,'Electronics',4,'Rahul Electronics','Mr Atul Shah(Proprietor), +(91)-(22)-25638267, Shop No. 10,Ambika Plaza,90 Feet Road,Mulund East,Mumbai - 400081','2012-08-06 13:21:51','Mr Atul Shah(Proprietor)','+(91)-(22)-25638267','','','','Shop No. 10,Ambika Plaza,90 Feet Road,Mulund East,Mumbai - 400081','','Mumbai','400081'),(32,2,'Electronics',4,'Rahul Electronics','+(91)-(2525)-9525252554485, Palghar,Thane - 401404','2012-08-06 13:21:51','','+(91)-(2525)-9525252554485','','','','Palghar,Thane - 401404','','Thane','401404'),(33,2,'Electronics',4,'Rahul Electronics','+(91)-(2525)-554465, Manor Rd,Palghar,Thane - 401404','2012-08-06 13:21:53','','+(91)-(2525)-554465','','','','Manor Rd,Palghar,Thane - 401404','','Thane','401404'),(34,2,'Electronics',4,'Rahul Electronics','+(91)-(22)-431105, Kalbadevi,- XX','2012-08-06 13:21:55','','+(91)-(22)-431105','','','','Kalbadevi,- XX','','','XX'),(35,2,'Electronics',4,'Rahul Electronics','Mr Mukesh Jain, +(91)-(22)-65538631, 25523863, 55238631, D/7,Near Aryan Medical, Nehru Nagar,S G Barve Marg,Kurla East,Mumbai - 400024','2012-08-06 13:21:56','Mr Mukesh Jain','+(91)-(22)-65538631, 25523863, 55238631','','','','D/7,Near Aryan Medical, Nehru Nagar,S G Barve Marg,Kurla East,Mumbai - 400024','','Mumbai','400024'),(36,2,'Electronics',4,'Rahul Electronics','+(91)-(22)-4485, Wadala,','2012-08-06 13:21:58','','+(91)-(22)-4485','','','','Wadala,','','',''),(37,2,'Electronics',9,'Sony Showrooms','+(91)-(22)-27845959, 27845960, 27845961, 18001037799, www.sony.co.in, Plot No 23,Sector 19 C,Palm Beach Road,Vashi,Navi Mumbai - 400703','2012-08-06 13:22:07','','+(91)-(22)-27845959, 27845960, 27845961, 18001037799','','','www.sony.co.in','Plot No 23,Sector 19 C,Palm Beach Road,Vashi,Navi Mumbai - 400703','','Navi Mumbai','400703'),(38,2,'Electronics',9,'Sony Showrooms','Ms Rashmi Lal, +(91)-(22)-24813468, 24813469, 24813471, +(91)-(22)-24813470, , 101, 1st Floor, Atria Mall,Dr A B Road,Worli,Mumbai - 400018','2012-08-06 13:22:09','Ms Rashmi Lal','+(91)-(22)-24813468, 24813469, 24813471','+(91)-(22)-24813470','','','101, 1st Floor, Atria Mall,Dr A B Road,Worli,Mumbai - 400018','','Mumbai','400018'),(39,2,'Electronics',8,'Sony Mony Electronics','Mr Ramesh Shah(Proprietor ),Mr Shaikh Johar Ali(Manager), +(91)-(22)-26204325, 26204324, 26204327, +(91)-(22)-26204327, , Shop No 3/4, Shreeji Apartment,Opposite Andheri Sports Complex, Near Rajkumar Hotel,J P Marg, Versova Road,Andheri West,Mumbai - 400058','2012-08-06 13:22:20','Mr Ramesh Shah(Proprietor ),Mr Shaikh Johar Ali(Manager)','+(91)-(22)-26204325, 26204324, 26204327','+(91)-(22)-26204327','','','Shop No 3/4, Shreeji Apartment,Opposite Andheri Sports Complex, Near Rajkumar Hotel,J P Marg, Versova Road,Andheri West,Mumbai - 400058','','Mumbai','400058'),(40,2,'Electronics',8,'Sony Mony Electronics','Mr Shakti Pillai(Store Manager),Mr Anil Sharma(Regional Manager), +(91)-(22)-26719115, 26719116, 26719117, 26719118, +(91)-(22)-26719120, , Acme Regency,Next To Golden Tobacco, Irla,S V Road,Vile Parle West,Mumbai - 400056','2012-08-06 13:22:20','Mr Shakti Pillai(Store Manager),Mr Anil Sharma(Regional Manager)','+(91)-(22)-26719115, 26719116, 26719117, 26719118','+(91)-(22)-26719120','','','Acme Regency,Next To Golden Tobacco, Irla,S V Road,Vile Parle West,Mumbai - 400056','','Mumbai','400056'),(41,2,'Electronics',8,'Sony Mony Electronics','Mr Jagdish Ahuja(Manager), +(91)-(22)-28998063, 28998064, 28998065, 26779999, +(91)-(22)-28998068, , Laxmi Palace,Near Borivili Station, Near Moksh Palza,S V Road,Borivali West,Mumbai - 400092','2012-08-06 13:22:22','Mr Jagdish Ahuja(Manager)','+(91)-(22)-28998063, 28998064, 28998065, 26779999','+(91)-(22)-28998068','','','Laxmi Palace,Near Borivili Station, Near Moksh Palza,S V Road,Borivali West,Mumbai - 400092','','Mumbai','400092'),(42,2,'Electronics',8,'Sony Mony Electronics','Mr Ali(Store Manager), +(91)-(22)-24381616, 24381717, , www.sonymony.co.in, Ground Floor, Saneguruji Building,Opposite Siddhivinayak Temple, Near HDFC Bank,V S Marg,Prabhadevi,Mumbai - 400025','2012-08-06 13:22:23','Mr Ali(Store Manager)','+(91)-(22)-24381616, 24381717','','','www.sonymony.co.in','Ground Floor, Saneguruji Building,Opposite Siddhivinayak Temple, Near HDFC Bank,V S Marg,Prabhadevi,Mumbai - 400025','','Mumbai','400025'),(43,2,'Electronics',8,'Sony Mony Electronics','Mr Ali(Store Manager), +(91)-(22)-23621188, 23621189, +(91)-(22)-23621189, , www.sonymony.co.in, Fateh Manzil 1,Near State Bank Of India Building & Roxy Cinema,D B Marg,Opera House,Mumbai - 400004','2012-08-06 13:22:25','Mr Ali(Store Manager)','+(91)-(22)-23621188, 23621189','+(91)-(22)-23621189','','www.sonymony.co.in','Fateh Manzil 1,Near State Bank Of India Building & Roxy Cinema,D B Marg,Opera House,Mumbai - 400004','','Mumbai','400004'),(44,2,'Electronics',5,'Reliance Digital','18002009001,18002009002, , www.reliancedigitaltv.com, Reliance Communications LTD, 4TH Floor, B Wing,Dhirubhai Ambani Knowledge City,Thane Belapur Road,Kopar Khairane,Mumbai - 400709','2012-08-06 13:22:33','','18002009001,18002009002','','','www.reliancedigitaltv.com','Reliance Communications LTD, 4TH Floor, B Wing,Dhirubhai Ambani Knowledge City,Thane Belapur Road,Kopar Khairane,Mumbai - 400709','','Mumbai','400709'),(45,2,'Electronics',5,'Reliance Digital','+(91)-(22)-26373333, 26371313, 26393333, , www.reliancedigital.in, 102, Green Ville,Millat Nagar Circle, Above Pizza Hut, Lokhandwala,Andheri West,Mumbai - 400053','2012-08-06 13:22:34','','+(91)-(22)-26373333, 26371313, 26393333','','','www.reliancedigital.in','102, Green Ville,Millat Nagar Circle, Above Pizza Hut, Lokhandwala,Andheri West,Mumbai - 400053','','Mumbai','400053'),(46,2,'Electronics',5,'Reliance Digital','+(91)-(22)-67958280, 67957470, 44722222, +(91)-(22)-67957468, , www.reliancedigital.in, Ground Floor, Maithaili Signet, Plot No 39/4 E,Opposite Vashi Railway Station, Sector No 30 A,Vashi,Navi Mumbai - 400703','2012-08-06 13:22:35','','+(91)-(22)-67958280, 67957470, 44722222','+(91)-(22)-67957468','','www.reliancedigital.in','Ground Floor, Maithaili Signet, Plot No 39/4 E,Opposite Vashi Railway Station, Sector No 30 A,Vashi,Navi Mumbai - 400703','','Navi Mumbai','400703'),(47,2,'Electronics',5,'Reliance Digital','Mr Ismail Sayed(Store Manager), +(91)-(22)-25440846, 25440848, 25440645, , www.reliancedigital.in, 1ST Floor, Korum Mall,Near Cadbury Compound, Off Eastern Express Highway,Thane West,Thane - 400601','2012-08-06 13:22:35','Mr Ismail Sayed(Store Manager)','+(91)-(22)-25440846, 25440848, 25440645','','','www.reliancedigital.in','1ST Floor, Korum Mall,Near Cadbury Compound, Off Eastern Express Highway,Thane West,Thane - 400601','','Thane','400601'),(48,2,'Electronics',5,'Reliance Digital','+(91)-(22)-26619100, , www.reliancedigital.in, 2ND Floor, Acme Mall,Khira Nagar,S V Road,Santacruz West,Mumbai - 400054','2012-08-06 13:22:37','','+(91)-(22)-26619100','','','www.reliancedigital.in','2ND Floor, Acme Mall,Khira Nagar,S V Road,Santacruz West,Mumbai - 400054','','Mumbai','400054'),(49,2,'Electronics',5,'Reliance Digital','+(91)-(22)-61801555, 33401555, , www.reliancedigital.in, Ground Floor, G - 49, 50, 51, Phoenix Market City,Lbs Marg,Kurla West,Mumbai - 400070','2012-08-06 13:22:39','','+(91)-(22)-61801555, 33401555','','','www.reliancedigital.in','Ground Floor, G - 49, 50, 51, Phoenix Market City,Lbs Marg,Kurla West,Mumbai - 400070','','Mumbai','400070'),(50,2,'Electronics',5,'Reliance Digital','+(91)-(22)-25842219, 25842220, 25842221, , www.reliancedigital.in, Shop No 4, Orion Business Park,Near Cinemax Cinema,Ghodbunder Road,Thane West,Mumbai - 400601','2012-08-06 13:22:40','','+(91)-(22)-25842219, 25842220, 25842221','','','www.reliancedigital.in','Shop No 4, Orion Business Park,Near Cinemax Cinema,Ghodbunder Road,Thane West,Mumbai - 400601','','Mumbai','400601'),(51,2,'Electronics',5,'Reliance Digital','Mr Ashwin(Manager), +(91)-(251)-6512064, 6512063, , www.reliancedigital.in, Sarvodya Mall, Ground Floor, Anchor Shop A,Opposite Bail Bazaar,Apmc Market,Kalyan Sheel Road,Kalyan City,Thane - 421301','2012-08-06 13:22:41','Mr Ashwin(Manager)','+(91)-(251)-6512064, 6512063','','','www.reliancedigital.in','Sarvodya Mall, Ground Floor, Anchor Shop A,Opposite Bail Bazaar,Apmc Market,Kalyan Sheel Road,Kalyan City,Thane - 421301','','Thane','421301'),(52,2,'Electronics',5,'Reliance Digital',', www.reliancedigital.in, Maharaja Hall,Electronics Market,Kalyan Ambernath Road,Ulhasnagar No 1,Thane - 421001','2012-08-06 13:22:43','','','','','www.reliancedigital.in','Maharaja Hall,Electronics Market,Kalyan Ambernath Road,Ulhasnagar No 1,Thane - 421001','','Thane','421001'),(53,2,'Electronics',7,'Snehaanjali Electronics','Mr Chetan Thakor(Manager),Mr Irfan Kabariya(Assistant Restaurant Manager), +(91)-(22)-28057016, 28057046, 28010919, , Shop No 4, Heena Gaurav Heights,Opposite Shoppers Stop,S V Road,Kandivali West,Mumbai - 400067','2012-08-06 13:22:52','Mr Chetan Thakor(Manager),Mr Irfan Kabariya(Assistant Restaurant Manager)','+(91)-(22)-28057016, 28057046, 28010919','','','','Shop No 4, Heena Gaurav Heights,Opposite Shoppers Stop,S V Road,Kandivali West,Mumbai - 400067','','Mumbai','400067'),(54,2,'Electronics',7,'Snehaanjali Electronics','Mr Ashfaq Hamdani(Store Manager), +(91)-(22)-26285461, 26285465, +(91)-(22)-26237024, , Shop No 4, Annapurna Building,Near Navrang Cinema,J P Road,Andheri West,Mumbai - 400058','2012-08-06 13:22:53','Mr Ashfaq Hamdani(Store Manager)','+(91)-(22)-26285461, 26285465','+(91)-(22)-26237024','','','Shop No 4, Annapurna Building,Near Navrang Cinema,J P Road,Andheri West,Mumbai - 400058','','Mumbai','400058'),(55,2,'Electronics',7,'Snehaanjali Electronics','Mr Ramchandra(Store Manager), +(91)-(22)-28550589, 28108388, +(91)-(22)-28550589, , Sheetal Snehaanjali Building,Opposite Sheetal Nagar Bus Stop, Near Rassaz Cinema,Mira Road,Thane - 401107','2012-08-06 13:22:55','Mr Ramchandra(Store Manager)','+(91)-(22)-28550589, 28108388','+(91)-(22)-28550589','','','Sheetal Snehaanjali Building,Opposite Sheetal Nagar Bus Stop, Near Rassaz Cinema,Mira Road,Thane - 401107','','Thane','401107'),(56,2,'Electronics',7,'Snehaanjali Electronics','Mr Mulchand(Manager), +(91)-(22)-28884383, 28885610, +(91)-(22)-28891456, Shop No 1, Trishul Apartment,Near New Era Cinema,S V Road,Malad West,Mumbai - 400064','2012-08-06 13:22:56','Mr Mulchand(Manager)','+(91)-(22)-28884383, 28885610','+(91)-(22)-28891456','','','Shop No 1, Trishul Apartment,Near New Era Cinema,S V Road,Malad West,Mumbai - 400064','','Mumbai','400064'),(57,2,'Electronics',7,'Snehaanjali Electronics','Mr Joseph, +(91)-(22)-26787248, 26787247, , 1, Bonanza Arcade,Amboli Naka, Opposite Railway Crossing,S V Road,Andheri West,Mumbai - 400058','2012-08-06 13:22:56','Mr Joseph','+(91)-(22)-26787248, 26787247','','','','1, Bonanza Arcade,Amboli Naka, Opposite Railway Crossing,S V Road,Andheri West,Mumbai - 400058','','Mumbai','400058'),(58,2,'Electronics',7,'Snehaanjali Electronics','+(91)-(22)-2402994, 2402995, 2401981, 2401743, , Tania Plaza,Opposite East West Flyover,Station Road,Nalasopara West,Thane - 401203','2012-08-06 13:22:57','','+(91)-(22)-2402994, 2402995, 2401981, 2401743','','','','Tania Plaza,Opposite East West Flyover,Station Road,Nalasopara West,Thane - 401203','','Thane','401203'),(59,2,'Electronics',7,'Snehaanjali Electronics','+(91)-(250)-2340088, 2340084, 88, P P Paradise,Junction Of Ambadi Road & STN Road, Next To HDFC Bank,Ambadi Road,Vasai West,Thane - 401201','2012-08-06 13:22:58','','+(91)-(250)-2340088, 2340084','','','','88, P P Paradise,Junction Of Ambadi Road & STN Road, Next To HDFC Bank,Ambadi Road,Vasai West,Thane - 401201','','Thane','401201'),(60,2,'Electronics',7,'Snehaanjali Electronics','Mr Vijay(Store Manager), +(91)-(22)-28150914, 28150915, , G 12/13, Maxus Mall,Tambe Road,Bhayandar West,Mumbai - 401101','2012-08-06 13:22:58','Mr Vijay(Store Manager)','+(91)-(22)-28150914, 28150915','','','','G 12/13, Maxus Mall,Tambe Road,Bhayandar West,Mumbai - 401101','','Mumbai','401101'),(61,2,'Electronics',7,'Snehaanjali Electronics','Mr Kanaiyalal Mulchandani(Owner), +(91)-(250)-2500121, +(91)-(250)-2500271, , Shop No 3, SAI Ratna,Near Central Park, Bolenj,Agashi Road,virar west,Thane - 401301','2012-08-06 13:23:00','Mr Kanaiyalal Mulchandani(Owner)','+(91)-(250)-2500121','+(91)-(250)-2500271','','','Shop No 3, SAI Ratna,Near Central Park, Bolenj,Agashi Road,virar west,Thane - 401301','','Thane','401301'),(62,2,'Electronics',7,'Snehaanjali Electronics','Mr George Kutti(Manager), , Shop No 1 To 5, Pushpa Plaza,Opposite Railway Station,Mandal Pada Road,Virar East,Thane - 401303','2012-08-06 13:23:01','Mr George Kutti(Manager)','','','','','Shop No 1 To 5, Pushpa Plaza,Opposite Railway Station,Mandal Pada Road,Virar East,Thane - 401303','','Thane','401303'),(63,2,'Electronics',7,'Snehaanjali Electronics','Mr Amit(Owner),Mr Swami(Store Manager), +(91)-(251)-2325442, 2200458, , Shreedhar Palace,Opposite Roshan Petrol Pump,Murbad Road,Kalyan City,Thane - 421301','2012-08-06 13:23:02','Mr Amit(Owner),Mr Swami(Store Manager)','+(91)-(251)-2325442, 2200458','','','','Shreedhar Palace,Opposite Roshan Petrol Pump,Murbad Road,Kalyan City,Thane - 421301','','Thane','421301'),(64,2,'Electronics',7,'Snehaanjali Electronics','Magnet Hyper Market,Opp Matunga Station,Tulsi Pipe Road,Matunga,Mumbai - 400019','2012-08-06 13:23:03','','','','','','Magnet Hyper Market,Opp Matunga Station,Tulsi Pipe Road,Matunga,Mumbai - 400019','','Mumbai','400019'),(65,2,'Electronics',7,'Snehaanjali Electronics','Mr Arjun(Branch Manager), +(91)-(22)-27742410, 27742411, Shop No 3-4, Patel Heritage,Sector No 7, Opposite Canara Bank,Kharghar,Navi Mumbai - 410210','2012-08-06 13:23:05','Mr Arjun(Branch Manager)','+(91)-(22)-27742410, 27742411','','','','Shop No 3-4, Patel Heritage,Sector No 7, Opposite Canara Bank,Kharghar,Navi Mumbai - 410210','','Navi Mumbai','410210'),(66,2,'Electronics',7,'Snehaanjali Electronics',', 1, Yashorama,Tilak Nagar, Near Rangoli Restaurant,DR R P Road, Char Rasta,dombivli east,Thane - 421201','2012-08-06 13:23:06','','','','','','1, Yashorama,Tilak Nagar, Near Rangoli Restaurant,DR R P Road, Char Rasta,dombivli east,Thane - 421201','','Thane','421201'),(67,2,'Electronics',7,'Snehaanjali Electronics','Shop No 412,Next To Amir Hotel, Sector No 3, Shivaji Chowk,Sheet No 26, Section 5 & 6,Ulhasnagar No 3,Thane - 421003','2012-08-06 13:23:06','','','','','','Shop No 412,Next To Amir Hotel, Sector No 3, Shivaji Chowk,Sheet No 26, Section 5 & 6,Ulhasnagar No 3,Thane - 421003','','Thane','421003'),(68,2,'Electronics',7,'Snehaanjali Electronics','Mr Sandeep Dabral(Manager), +(91)-(2525)-275514, 275515, Snehanjali Point,Opposite Brijwasi Sweets,Navapura Road,Boisar,Thane - 401501','2012-08-06 13:23:08','Mr Sandeep Dabral(Manager)','+(91)-(2525)-275514, 275515','','','','Snehanjali Point,Opposite Brijwasi Sweets,Navapura Road,Boisar,Thane - 401501','','Thane','401501'),(69,2,'Electronics',7,'Snehaanjali Electronics','+(91)-(2525)-256996, 256998, Shop No 1,2,3 C T Point,Opposite HP Gas,Kacheri Road,Palghar,Thane - 401404','2012-08-06 13:23:10','','+(91)-(2525)-256996, 256998','','','','Shop No 1,2,3 C T Point,Opposite HP Gas,Kacheri Road,Palghar,Thane - 401404','','Thane','401404'),(70,2,'Electronics',7,'Snehaanjali Electronics','Mr Aalangir, +(91)-(250)-2340087, 2340088, P P Paradise,Next To HDFC Bank,Ambadi Road,Vasai Road West,Thane - 401202','2012-08-06 13:23:10','Mr Aalangir','+(91)-(250)-2340087, 2340088','','','','P P Paradise,Next To HDFC Bank,Ambadi Road,Vasai Road West,Thane - 401202','','Thane','401202'),(71,2,'Electronics',7,'Snehaanjali Electronics','Mr Vinod Jain, +(91)-(22)-42904000, , www.snehanjali.com, 207, 2ND Floor, Tanvis Diamoda,Novelty Silk Mill Compound, Near Petrol Pump & Dahisar Railway Station,S V Road,Dahisar,Mumbai - 400068','2012-08-06 13:23:12','Mr Vinod Jain','+(91)-(22)-42904000','','','www.snehanjali.com','207, 2ND Floor, Tanvis Diamoda,Novelty Silk Mill Compound, Near Petrol Pump & Dahisar Railway Station,S V Road,Dahisar,Mumbai - 400068','','Mumbai','400068'),(72,2,'Electronics',6,'Samsung Showrooms','Mr Suhir Shah(Proprietor), +(91)-22-61611775, , +(91)-(22)-24037228, , Shop No 9, Satyam Building,Sion Circle,Next To Hotel Central Peninsula,Sion,Mumbai - 400022','2012-08-06 13:23:21','Mr Suhir Shah(Proprietor)','+(91)-22-61611775, ','+(91)-(22)-24037228','','','Shop No 9, Satyam Building,Sion Circle,Next To Hotel Central Peninsula,Sion,Mumbai - 400022','','Mumbai','400022'),(73,2,'Electronics',6,'Samsung Showrooms','Mr Niraj(Store Manager), +(91)-(22)-26731220, , Shop No 1 & 6, Golden Chambers,Opposite Tanshiq Showroom,Link Road,Andheri West,Mumbai - 400053','2012-08-06 13:23:23','Mr Niraj(Store Manager)','+(91)-(22)-26731220','','','','Shop No 1 & 6, Golden Chambers,Opposite Tanshiq Showroom,Link Road,Andheri West,Mumbai - 400053','','Mumbai','400053'),(74,2,'Electronics',6,'Samsung Showrooms','Mr Vishwajeet(Manager), +(91)-(22)-28880574, Ground Floor, Shop No 15, Kothari Milestone Mall,Next To Shiv Mandir,S V Road,Malad West,Mumbai - 400064','2012-08-06 13:23:25','Mr Vishwajeet(Manager)','+(91)-(22)-28880574','','','','Ground Floor, Shop No 15, Kothari Milestone Mall,Next To Shiv Mandir,S V Road,Malad West,Mumbai - 400064','','Mumbai','400064'),(75,2,'Electronics',6,'Samsung Showrooms','+(91)-(22)-42957917, S No 39, Profit Centre,Mahavir Ngr, Nt To D Mart, Opp Panchsheel Height,Kandivali West,Mumbai - 400067','2012-08-06 13:23:25','','+(91)-(22)-42957917','','','','S No 39, Profit Centre,Mahavir Ngr, Nt To D Mart, Opp Panchsheel Height,Kandivali West,Mumbai - 400067','','Mumbai','400067'),(76,2,'Electronics',6,'Samsung Showrooms','Mr Rajesh Chheda, +(91)-(22)-25278717, Shop No 12, Raj Cell City, Shri Sunder Chs,Opp Diamond Garden,Sion Trombay Road,Chembur East,Mumbai - 400071','2012-08-06 13:23:27','Mr Rajesh Chheda','+(91)-(22)-25278717','','','','Shop No 12, Raj Cell City, Shri Sunder Chs,Opp Diamond Garden,Sion Trombay Road,Chembur East,Mumbai - 400071','','Mumbai','400071'),(77,2,'Electronics',6,'Samsung Showrooms','Mr Denish Chavan(Store MNG),Mr Shailedra, +(91)-(22)-23514453, , Shop No 15,Hieera Panna Shopping Centre,Haji Ali,Mumbai - 400026','2012-08-06 13:23:27','Mr Denish Chavan(Store MNG),Mr Shailedra','+(91)-(22)-23514453','','','','Shop No 15,Hieera Panna Shopping Centre,Haji Ali,Mumbai - 400026','','Mumbai','400026'),(78,2,'Electronics',6,'Samsung Showrooms','Ms Pushpa Gupta(Manager), +(91)-(22)-67257630, , F 20, First Floor, Inorbit Mall,Mindspace,Malad Link Road,Malad West,Mumbai - 400064','2012-08-06 13:23:29','Ms Pushpa Gupta(Manager)','+(91)-(22)-67257630','','','','F 20, First Floor, Inorbit Mall,Mindspace,Malad Link Road,Malad West,Mumbai - 400064','','Mumbai','400064'),(79,2,'Electronics',6,'Samsung Showrooms','Mr Vaibhav Kadam(Store Manager), +(91)-(22)-66101022, , Shop No G 16/17,High Street Phoenix,Senapati Bapat Marg,Lower Parel,Mumbai - 400013','2012-08-06 13:23:31','Mr Vaibhav Kadam(Store Manager)','+(91)-(22)-66101022','','','','Shop No G 16/17,High Street Phoenix,Senapati Bapat Marg,Lower Parel,Mumbai - 400013','','Mumbai','400013'),(80,2,'Electronics',6,'Samsung Showrooms','Mr Sachin Chheda(Owner), +(91)-(22)-23803366, 23812255, , www.samsung.com, Opposite Ganga Jamuna Cinema,179, Tardeo Road,Tardeo,Mumbai - 400034','2012-08-06 13:23:32','Mr Sachin Chheda(Owner)','+(91)-(22)-23803366, 23812255','','','www.samsung.com','Opposite Ganga Jamuna Cinema,179, Tardeo Road,Tardeo,Mumbai - 400034','','Mumbai','400034'),(81,2,'Electronics',6,'Samsung Showrooms','Mr Altaf (Owner),Mr Ram, www.samsung.com, Shop No 1 & 2, Orion Business Park,Next To Wonder Mall,Ghodbunder Road,Thane West,Thane - 400601','2012-08-06 13:23:34','Mr Altaf (Owner),Mr Ram','','','','www.samsung.com','Shop No 1 & 2, Orion Business Park,Next To Wonder Mall,Ghodbunder Road,Thane West,Thane - 400601','','Thane','400601'),(82,2,'Electronics',6,'Samsung Showrooms','Mr Prakash Lalwani(Owner), +(91)-(22)-27882043, , Shop No 2, SAI Prasad Building,Near M G Complex, Sector No 14,Vashi,Navi Mumbai - 400703','2012-08-06 13:23:35','Mr Prakash Lalwani(Owner)','+(91)-(22)-27882043','','','','Shop No 2, SAI Prasad Building,Near M G Complex, Sector No 14,Vashi,Navi Mumbai - 400703','','Navi Mumbai','400703'),(83,2,'Electronics',6,'Samsung Showrooms','Mr Juzar(Store Manager),Mr Kalpana, +(91)-(22)-25623950, www.samsung.com, Shop No 8, Vikas Paradise,Opposite Balrajeshwari Temple, Near R Mall,Lbs Marg,Mulund West,Mumbai - 400080','2012-08-06 13:23:36','Mr Juzar(Store Manager),Mr Kalpana','+(91)-(22)-25623950','','','www.samsung.com','Shop No 8, Vikas Paradise,Opposite Balrajeshwari Temple, Near R Mall,Lbs Marg,Mulund West,Mumbai - 400080','','Mumbai','400080'),(84,2,'Electronics',6,'Samsung Showrooms','Mr Surve, +(91)-(250)-2342211, Shop No 1 & 2, Adinath Apartment,Ambadi Road,Vasai Road West,Thane - 401202','2012-08-06 13:23:38','Mr Surve','+(91)-(250)-2342211','','','','Shop No 1 & 2, Adinath Apartment,Ambadi Road,Vasai Road West,Thane - 401202','','Thane','401202'),(85,2,'Electronics',6,'Samsung Showrooms','Mr Prakash Lalwani, +(91)-(22)-65170503, Shop No 1 & 2, Plot No 111 E/1,Sector No 21,Nerul,Navi Mumbai - 400706','2012-08-06 13:23:39','Mr Prakash Lalwani','+(91)-(22)-65170503','','','','Shop No 1 & 2, Plot No 111 E/1,Sector No 21,Nerul,Navi Mumbai - 400706','','Navi Mumbai','400706'),(86,2,'Electronics',3,'LG Shoppe','Mr Karan(Owner),Mr Vipul(Manager), +(91)-(22)-65390000, 65788000, 25470844, 25474833, Shop No 2/3, Ground Floor, Bhiwandiwalla Terrace Building,Opp Thane Court Naka,Thane West,Thane - 400601','2012-08-06 13:23:48','Mr Karan(Owner),Mr Vipul(Manager)','+(91)-(22)-65390000, 65788000, 25470844, 25474833','','','','Shop No 2/3, Ground Floor, Bhiwandiwalla Terrace Building,Opp Thane Court Naka,Thane West,Thane - 400601','','Thane','400601'),(87,2,'Electronics',3,'LG Shoppe','Mr Rehan Shaikh, +(91)-(22)-27792251, 27792252, , www.lg.com, Shop No 1,2,3,4, Pillani Chs, Plot No C-2,Sector 3, Near Priyanka Hotel,Airoli,Navi Mumbai - 400708','2012-08-06 13:23:49','Mr Rehan Shaikh','+(91)-(22)-27792251, 27792252','','','www.lg.com','Shop No 1,2,3,4, Pillani Chs, Plot No C-2,Sector 3, Near Priyanka Hotel,Airoli,Navi Mumbai - 400708','','Navi Mumbai','400708'),(88,2,'Electronics',3,'LG Shoppe','Mr Ashish Goswami(Proprietor), +(91)-(251)-3232921, www.lg.com, Shop No 23/24/25, Shreya Complex,Rambagh,Santoshi Mata Road,Kalyan,Thane - 421304','2012-08-06 13:23:49','Mr Ashish Goswami(Proprietor)','+(91)-(251)-3232921','','','www.lg.com','Shop No 23/24/25, Shreya Complex,Rambagh,Santoshi Mata Road,Kalyan,Thane - 421304','','Thane','421304'),(89,2,'Electronics',3,'LG Shoppe','Mr Manish(Owner), +(91)-(251)-2410002, 2410003, Shop No 9/10, Alankar Society,Near Sarvesh Hall,Tilak Road,dombivli industrial area,Thane - 421203','2012-08-06 13:23:50','Mr Manish(Owner)','+(91)-(251)-2410002, 2410003','','','','Shop No 9/10, Alankar Society,Near Sarvesh Hall,Tilak Road,dombivli industrial area,Thane - 421203','','Thane','421203'),(90,2,'Electronics',3,'LG Shoppe','+(91)-(22)-27453856, www.lg.com, Shop No 5, Nimkar Building,Mcch Society, Opposite Shivaji Statue,V B Phadke Marg,Panvel,Raigad-Maharashtra - 410206','2012-08-06 13:23:52','','+(91)-(22)-27453856','','','www.lg.com','Shop No 5, Nimkar Building,Mcch Society, Opposite Shivaji Statue,V B Phadke Marg,Panvel,Raigad-Maharashtra - 410206','','Raigad','Maharashtra'),(91,2,'Electronics',3,'LG Shoppe','Mr Vicky(Owner),Mr Deepak(Manager), +(91)-(251)-2569898, 2565846, Shop No 690,Near Maha Samrat Hotel, Shivaji Chowk,Kalyan Ambernath Road,Ulhasnagar No 3,Thane - 421003','2012-08-06 13:23:53','Mr Vicky(Owner),Mr Deepak(Manager)','+(91)-(251)-2569898, 2565846','','','','Shop No 690,Near Maha Samrat Hotel, Shivaji Chowk,Kalyan Ambernath Road,Ulhasnagar No 3,Thane - 421003','','Thane','421003'),(92,2,'Electronics',3,'LG Shoppe','Mr Naresh Patel(Manager), +(91)-(22)-27552116, , Shop No 1/2/3, Manoshi Complex, Plot 5/6,Near Railway Station, Sector 3,Ghansoli,Thane - 400701','2012-08-06 13:23:54','Mr Naresh Patel(Manager)','+(91)-(22)-27552116','','','','Shop No 1/2/3, Manoshi Complex, Plot 5/6,Near Railway Station, Sector 3,Ghansoli,Thane - 400701','','Thane','400701'),(93,2,'Electronics',3,'LG Shoppe','+(91)-(22)-27746746, 27746667, , Shop No 31,32,Opp Reliance Fresh,Giriraj Horizons,Kharghar,Mumbai - 410210','2012-08-06 13:23:55','','+(91)-(22)-27746746, 27746667','','','','Shop No 31,32,Opp Reliance Fresh,Giriraj Horizons,Kharghar,Mumbai - 410210','','Mumbai','410210'),(94,2,'Electronics',3,'LG Shoppe','+(91)-(251)-2410002, Shop No 9, Alankar Soc,Opp Sarvesh Hall,Tilak Road,Dombivili,Thane - 421201','2012-08-06 13:23:57','','+(91)-(251)-2410002','','','','Shop No 9, Alankar Soc,Opp Sarvesh Hall,Tilak Road,Dombivili,Thane - 421201','','Thane','421201'),(95,2,'Electronics',11,'Vijay Sales','Mr Vikhil Bhagat(Manager), +(91)-(22)-61710000, 66227722, 61711071, +(91)-(22)-61710001, , www.vijaysales.com, Opposite Petrol Pump,29, Mama Parmanand Marg,Opera House,Mumbai - 400004','2012-08-06 13:24:03','Mr Vikhil Bhagat(Manager)','+(91)-(22)-61710000, 66227722, 61711071','+(91)-(22)-61710001','','www.vijaysales.com','Opposite Petrol Pump,29, Mama Parmanand Marg,Opera House,Mumbai - 400004','','Mumbai','400004'),(96,2,'Electronics',11,'Vijay Sales','Mr Nanu Gupta(Proprietor), +(91)-(22)-61711111, 66227722, 66227733, +(91)-(22)-61711104, 61711105, , www.vijaysales.com, 384,Opposite Siddhivinayak Temple,Veer Savarkar Marg,Prabhadevi,Mumbai - 400025','2012-08-06 13:24:05','Mr Nanu Gupta(Proprietor)','+(91)-(22)-61711111, 66227722, 66227733','+(91)-(22)-61711104, 61711105','','www.vijaysales.com','384,Opposite Siddhivinayak Temple,Veer Savarkar Marg,Prabhadevi,Mumbai - 400025','','Mumbai','400025'),(97,2,'Electronics',11,'Vijay Sales','Mr Saifal Memon/ Mr Sunil Pandey(Branch Manager),Mr Tushar Harkulkar(Branch Manager), +(91)-(22)-61712222, 66227722, 61711071, +(91)-(22)-61712201, , www.vijaysales.com, Near Flyover Shastri Nagar Bus Stop & Mcdonalds Restaurant,S V Road,Borivali West,Mumbai - 400092','2012-08-06 13:24:07','Mr Saifal Memon/ Mr Sunil Pandey(Branch Manager),Mr Tushar Harkulkar(Branch Manager)','+(91)-(22)-61712222, 66227722, 61711071','+(91)-(22)-61712201','','www.vijaysales.com','Near Flyover Shastri Nagar Bus Stop & Mcdonalds Restaurant,S V Road,Borivali West,Mumbai - 400092','','Mumbai','400092'),(98,2,'Electronics',11,'Vijay Sales','Mr Satyanarayan Gupta(Store Manager), +(91)-(22)-61715555, 61715519, 61715520, 66227722, +(91)-(22)-61715501, , www.vijaysales.com, Ground Floor, Tip Top Plaza,Near Mulund Check Naka, Opposite Raheja Garden,Lbs Marg,Thane West,Thane - 400601','2012-08-06 13:24:08','Mr Satyanarayan Gupta(Store Manager)','+(91)-(22)-61715555, 61715519, 61715520, 66227722','+(91)-(22)-61715501','','www.vijaysales.com','Ground Floor, Tip Top Plaza,Near Mulund Check Naka, Opposite Raheja Garden,Lbs Marg,Thane West,Thane - 400601','','Thane','400601'),(99,2,'Electronics',11,'Vijay Sales','Mr Bhandari(Store Manager), +(91)-(22)-61711212, 66227722, 61711071, +(91)-(22)-61711201, , www.vijaysales.com, Ground Floor, Prime Centre Building,Near Standard Chartered Bank, Khira Nagar,18 S V Road,Santacruz West,Mumbai - 400054','2012-08-06 13:24:08','Mr Bhandari(Store Manager)','+(91)-(22)-61711212, 66227722, 61711071','+(91)-(22)-61711201','','www.vijaysales.com','Ground Floor, Prime Centre Building,Near Standard Chartered Bank, Khira Nagar,18 S V Road,Santacruz West,Mumbai - 400054','','Mumbai','400054'),(100,2,'Electronics',11,'Vijay Sales','Mr Bhavesh Barot(Store Manager), +(91)-(22)-61714444, 66227722, 61711071, +(91)-(22)-61714401, , www.vijaysales.com, 107, 1ST Floor, Infiniti Mall,Lokhandwala Complex,New Link Road,Andheri West,Mumbai - 400053','2012-08-06 13:24:10','Mr Bhavesh Barot(Store Manager)','+(91)-(22)-61714444, 66227722, 61711071','+(91)-(22)-61714401','','www.vijaysales.com','107, 1ST Floor, Infiniti Mall,Lokhandwala Complex,New Link Road,Andheri West,Mumbai - 400053','','Mumbai','400053'),(101,2,'Electronics',11,'Vijay Sales','Mr Chandan Kharat(Store Manager), +(91)-(22)-61713333, 66227722, 61711071, +(91)-(22)-26866221, , www.vijaysales.com, 1ST Floor, The HUB Mall,Nirlon Compound, Near NSE Ground & Aarey Milk Colony,Western Express Highway,Goregaon East,Mumbai - 400063','2012-08-06 13:24:11','Mr Chandan Kharat(Store Manager)','+(91)-(22)-61713333, 66227722, 61711071','+(91)-(22)-26866221','','www.vijaysales.com','1ST Floor, The HUB Mall,Nirlon Compound, Near NSE Ground & Aarey Milk Colony,Western Express Highway,Goregaon East,Mumbai - 400063','','Mumbai','400063'),(102,2,'Electronics',11,'Vijay Sales','Mr Firoz Shaikh(Store Manager),Mr Amol, +(91)-(22)-61711414, 26250424, 26248447, 66227722, +(91)-(22)-61711401, , www.vijaysales.com, Shop No 1, Plot No 65, Abhishek Building,Opposite Shoppers Stop,S V RD Andheri,Andheri West,Mumbai - 400058','2012-08-06 13:24:13','Mr Firoz Shaikh(Store Manager),Mr Amol','+(91)-(22)-61711414, 26250424, 26248447, 66227722','+(91)-(22)-61711401','','www.vijaysales.com','Shop No 1, Plot No 65, Abhishek Building,Opposite Shoppers Stop,S V RD Andheri,Andheri West,Mumbai - 400058','','Mumbai','400058'),(103,2,'Electronics',11,'Vijay Sales','+(91)-(22)-25003535, 25004926, 25005252, 61711919, 66227722, +(91)-(22)-61711901, , www.vijaysales.com, Opposite Shreyas Cinema,L B S Marg,Ghatkopar West,Mumbai - 400086','2012-08-06 13:24:13','','+(91)-(22)-25003535, 25004926, 25005252, 61711919, 66227722','+(91)-(22)-61711901','','www.vijaysales.com','Opposite Shreyas Cinema,L B S Marg,Ghatkopar West,Mumbai - 400086','','Mumbai','400086'),(104,2,'Electronics',11,'Vijay Sales','Mr Yogesh Karan Gutkar(Branch Manager), +(91)-(22)-61713000, 66227722, 61711071, +(91)-(22)-61713001, , www.vijaysales.com, Inorbit Mall, Level 2,Inside Homestop,Link Road,Malad West,Mumbai - 400064','2012-08-06 13:24:14','Mr Yogesh Karan Gutkar(Branch Manager)','+(91)-(22)-61713000, 66227722, 61711071','+(91)-(22)-61713001','','www.vijaysales.com','Inorbit Mall, Level 2,Inside Homestop,Link Road,Malad West,Mumbai - 400064','','Mumbai','400064'),(105,2,'Electronics',11,'Vijay Sales','Mr Deepen Patel(Store Manager), +(91)-(22)-61711515, 66227722, 66227733, +(91)-(22)-61711501, , www.vijaysales.com, 120/122, Dimple Building,Next To Victoria Church And Sheetla Devi Temple,108 Lady Jamshedji Road,Mahim,Mumbai - 400016','2012-08-06 13:24:15','Mr Deepen Patel(Store Manager)','+(91)-(22)-61711515, 66227722, 66227733','+(91)-(22)-61711501','','www.vijaysales.com','120/122, Dimple Building,Next To Victoria Church And Sheetla Devi Temple,108 Lady Jamshedji Road,Mahim,Mumbai - 400016','','Mumbai','400016'),(106,2,'Electronics',11,'Vijay Sales','Mr Ashwin Bhagarde(Store Manager), +(91)-(22)-28127407, 28129287, 28120087, 66227722, 28127687, +(91)-(22)-28127687, , www.vijaysales.com, Silver Park,Near Veggies Restaurants & Silver Park,Mira Bhayander Road,Mira Road,Thane - 401107','2012-08-06 13:24:15','Mr Ashwin Bhagarde(Store Manager)','+(91)-(22)-28127407, 28129287, 28120087, 66227722, 28127687','+(91)-(22)-28127687','','www.vijaysales.com','Silver Park,Near Veggies Restaurants & Silver Park,Mira Bhayander Road,Mira Road,Thane - 401107','','Thane','401107'),(107,2,'Electronics',11,'Vijay Sales','Mr Ismail Shaikh(Store Manager), +(91)-(22)-61719999, 66227722, +(91)-(22)-61719901, , www.vijaysales.com, Shop No 15/ 16, Bezzola Complex,Near Ratan Motors,Sion Trombay Road,Chembur East,Mumbai - 400071','2012-08-06 13:24:16','Mr Ismail Shaikh(Store Manager)','+(91)-(22)-61719999, 66227722','+(91)-(22)-61719901','','www.vijaysales.com','Shop No 15/ 16, Bezzola Complex,Near Ratan Motors,Sion Trombay Road,Chembur East,Mumbai - 400071','','Mumbai','400071'),(108,2,'Electronics',11,'Vijay Sales','Mr Chandrakant(Store Manager),Mr Kunal(Store Manager), +(91)-(22)-61711313, 66227722, +(91)-(22)-61711301, , www.vijaysales.com, Opposite Filmistan Studio, Near Ratna Hotel,S V Road,Goregaon West,Mumbai - 400062','2012-08-06 13:24:17','Mr Chandrakant(Store Manager),Mr Kunal(Store Manager)','+(91)-(22)-61711313, 66227722','+(91)-(22)-61711301','','www.vijaysales.com','Opposite Filmistan Studio, Near Ratna Hotel,S V Road,Goregaon West,Mumbai - 400062','','Mumbai','400062'),(109,2,'Electronics',11,'Vijay Sales','+(91)-(22)-65606660, 65606666, 65606667, 66227722, +(91)-(22)-27896437, , www.vijaysales.com, 2ND Floor, Palm Beach Galleria Mall,Sector 19,Palm Beach Road,Vashi,Navi Mumbai - 400703','2012-08-06 13:24:19','','+(91)-(22)-65606660, 65606666, 65606667, 66227722','+(91)-(22)-27896437','','www.vijaysales.com','2ND Floor, Palm Beach Galleria Mall,Sector 19,Palm Beach Road,Vashi,Navi Mumbai - 400703','','Navi Mumbai','400703'),(110,2,'Electronics',11,'Vijay Sales','Mr Hira Mane(Store Manager), +(91)-(22)-61711717, 66227722, +(91)-(22)-61711799, , www.vijaysales.com, Indrapuri Society,Near Sion Circle,Sion,Mumbai - 400022','2012-08-06 13:24:20','Mr Hira Mane(Store Manager)','+(91)-(22)-61711717, 66227722','+(91)-(22)-61711799','','www.vijaysales.com','Indrapuri Society,Near Sion Circle,Sion,Mumbai - 400022','','Mumbai','400022'),(111,2,'Electronics',11,'Vijay Sales','+(91)-(251)-6467777, 6467778, 6467779, 66227722, +(91)-(251)-2200483, , www.vijaysales.com, 1ST Floor, Kalyan Domivali Mahanagar Palika Building,Near Old Lourdes School, Opposite Bindu Tower, Bhaji Pala Market,Santoshi Mata Road,Kalyan City,Thane - 421301','2012-08-06 13:24:20','','+(91)-(251)-6467777, 6467778, 6467779, 66227722','+(91)-(251)-2200483','','www.vijaysales.com','1ST Floor, Kalyan Domivali Mahanagar Palika Building,Near Old Lourdes School, Opposite Bindu Tower, Bhaji Pala Market,Santoshi Mata Road,Kalyan City,Thane - 421301','','Thane','421301'),(112,2,'Electronics',11,'Vijay Sales','Mr Vishal(Store Manager), +(91)-(250)-2312841, 2312842, 2312843, 66227722, , www.vijaysales.com, Ground Floor, Tania Planet,Babula Naka, Near D Mart, Opposite Bhabola Police Chowki,Papdi Road,Vasai West,Thane - 401201','2012-08-06 13:24:21','Mr Vishal(Store Manager)','+(91)-(250)-2312841, 2312842, 2312843, 66227722','','','www.vijaysales.com','Ground Floor, Tania Planet,Babula Naka, Near D Mart, Opposite Bhabola Police Chowki,Papdi Road,Vasai West,Thane - 401201','','Thane','401201'),(113,2,'Electronics',11,'Vijay Sales','+(91)-(251)-2476467, 66227722, , www.vijaysales.com, Ground Floor,Konark Arcade, Building No D,Garda Circle, Near Pendharkar College,Dombivli Industrial Area,Thane - 421203','2012-08-06 13:24:22','','+(91)-(251)-2476467, 66227722','','','www.vijaysales.com','Ground Floor,Konark Arcade, Building No D,Garda Circle, Near Pendharkar College,Dombivli Industrial Area,Thane - 421203','','Thane','421203'),(114,2,'Electronics',11,'Vijay Sales','Mr Pradeep(Store Manager), +(91)-(22)-27742131, 27742133, 66227722, 66227733, , www.vijaysales.com, 2ND Floor, Plot No 21, Little World Mall,Sector No 2,Kharghar,Navi Mumbai - 410210','2012-08-06 13:24:22','Mr Pradeep(Store Manager)','+(91)-(22)-27742131, 27742133, 66227722, 66227733','','','www.vijaysales.com','2ND Floor, Plot No 21, Little World Mall,Sector No 2,Kharghar,Navi Mumbai - 410210','','Navi Mumbai','410210'),(115,2,'Electronics',11,'Vijay Sales','Mr Nitin Patile(Store Manager), +(91)-(251)-66227722, 2705406, 2705407, +(91)-(251)-2705403, , www.vijaysales.com, Behind R K T College, Shivaji Chowk,Ulhasnagar No 3,Thane - 421003','2012-08-06 13:24:23','Mr Nitin Patile(Store Manager)','+(91)-(251)-66227722, 2705406, 2705407','+(91)-(251)-2705403','','www.vijaysales.com','Behind R K T College, Shivaji Chowk,Ulhasnagar No 3,Thane - 421003','','Thane','421003'),(116,2,'Electronics',11,'Vijay Sales','+(91)-(2522)-647520, Ground Floor, Mahipatrai Chamber,Kalyan Road,Bhiwandi,Thane - 421302','2012-08-06 13:24:24','','+(91)-(2522)-647520','','','','Ground Floor, Mahipatrai Chamber,Kalyan Road,Bhiwandi,Thane - 421302','','Thane','421302'),(117,2,'Electronics',11,'Vijay Sales','Mr Manav(Store Manager), +(91)-(2522)-220347, 66227722, 66227733, 647524, 647522, 220279, 647525, , www.vijaysales.com, Ground Floor, Mahipatrai Chambers,Opposite Axis Bank,Bhiwandi-Kalyan Road,Bhiwandi,Thane - 421302','2012-08-06 13:24:25','Mr Manav(Store Manager)','+(91)-(2522)-220347, 66227722, 66227733, 647524, 647522, 220279, 647525','','','www.vijaysales.com','Ground Floor, Mahipatrai Chambers,Opposite Axis Bank,Bhiwandi-Kalyan Road,Bhiwandi,Thane - 421302','','Thane','421302'),(118,2,'Electronics',11,'Vijay Sales','Mr Vijay(Proprietor),Mr Chandulal Bagadia, +(91)-22-67338280, , , 3 D, Boman House,Next To Apna Bazar,Rustom Sidhwa Marg, Gunbow Street,Fort,Mumbai - 400001','2012-08-06 13:24:25','Mr Vijay(Proprietor),Mr Chandulal Bagadia','+(91)-22-67338280, ','','','','3 D, Boman House,Next To Apna Bazar,Rustom Sidhwa Marg, Gunbow Street,Fort,Mumbai - 400001','','Mumbai','400001'),(119,2,'Electronics',11,'Vijay Sales','+(91)-(22)-61711000, 66227722, 61711071, +(91)-(22)-61711001, , www.vijaysales.com, 702, V Mall, 3RD Floor,Near Thakur Complex,Western Express Highway,Kandivali East,Mumbai - 400101','2012-08-06 13:24:27','','+(91)-(22)-61711000, 66227722, 61711071','+(91)-(22)-61711001','','www.vijaysales.com','702, V Mall, 3RD Floor,Near Thakur Complex,Western Express Highway,Kandivali East,Mumbai - 400101','','Mumbai','400101'),(120,2,'Electronics',11,'Vijay Sales','Mr Rajesh Dubey(Proprietor), +(91)-(22)-32678053, www.vijaysalesandservices.com, Shop No. 4, Rale Bldg,Opp. Ravindra Natya Mandir,Sayani Road,Prabhadevi,Mumbai - 400025','2012-08-06 13:24:31','Mr Rajesh Dubey(Proprietor)','+(91)-(22)-32678053','','','www.vijaysalesandservices.com','Shop No. 4, Rale Bldg,Opp. Ravindra Natya Mandir,Sayani Road,Prabhadevi,Mumbai - 400025','','Mumbai','400025'),(121,2,'Electronics',11,'Vijay Sales','Mr ROY,Mrs Kanta Gupta, +(91)-(22)-26422119, 26434116, 26048840, 26046490, +(91)-(22)-26434116, Shop No 3, Zarina Co-Op Housing Society,Opp Masjid, Near Saiba Restaurant,Near Bandra Bus Station,S V Road,Bandra West,Mumbai - 400050','2012-08-06 13:24:32','Mr ROY,Mrs Kanta Gupta','+(91)-(22)-26422119, 26434116, 26048840, 26046490','+(91)-(22)-26434116','','','Shop No 3, Zarina Co-Op Housing Society,Opp Masjid, Near Saiba Restaurant,Near Bandra Bus Station,S V Road,Bandra West,Mumbai - 400050','','Mumbai','400050'),(122,2,'Electronics',11,'Vijay Sales','Mr Vijay Mishra(Owner), 9699610628, Road No-5,Opp, Fingh Estate,Aashram Road,Ghatkopar East,Mumbai - 400075','2012-08-06 13:24:33','Mr Vijay Mishra(Owner)','','','','','Road No-5,Opp, Fingh Estate,Aashram Road,Ghatkopar East,Mumbai - 400075','9699610628','Mumbai','400075'),(123,2,'Electronics',11,'Vijay Sales','+(91)-(22)-22420992, 22427992, 9, Balkrishna Nivas,160, B Panjrapole Main Road,Girgaon,Mumbai - 400004','2012-08-06 13:24:35','','+(91)-(22)-22420992, 22427992','','','','9, Balkrishna Nivas,160, B Panjrapole Main Road,Girgaon,Mumbai - 400004','','Mumbai','400004'),(124,2,'Electronics',11,'Vijay Sales','Mr Ashok Verma(Proprietor), , Flat No 2/B, Ground Floor, Gokul Park,Manav Mandir Complex, Near Swami Naryan Temple,Ambadi Road,Vasai Road West,Thane - 401202','2012-08-06 13:24:35','Mr Ashok Verma(Proprietor)','','','','','Flat No 2/B, Ground Floor, Gokul Park,Manav Mandir Complex, Near Swami Naryan Temple,Ambadi Road,Vasai Road West,Thane - 401202','','Thane','401202'),(125,2,'Electronics',11,'Vijay Sales','MS Gupta, +(91)-(22)-26048840, +(91)-(22)-26046490, 3RD Floor, Sawhney Niwas,Khar,Mumbai - 400052','2012-08-06 13:24:37','MS Gupta','+(91)-(22)-26048840','+(91)-(22)-26046490','','','3RD Floor, Sawhney Niwas,Khar,Mumbai - 400052','','Mumbai','400052'),(126,2,'Electronics',11,'Vijay Sales','Mr Atul, +(91)-(22)-26521077, 579 13/14 Dugad Brothers Chawl,Dugad Market,Station Road,Kurla West,Mumbai - 400070','2012-08-06 13:24:37','Mr Atul','+(91)-(22)-26521077','','','','579 13/14 Dugad Brothers Chawl,Dugad Market,Station Road,Kurla West,Mumbai - 400070','','Mumbai','400070'),(127,2,'Electronics',11,'Vijay Sales','Mr Pravin Kumar, +(91)-(22)-64466874, 9820040480, , S V Road,Malad West,Mumbai - 400064','2012-08-06 13:24:38','Mr Pravin Kumar','+(91)-(22)-64466874','','','','S V Road,Malad West,Mumbai - 400064','9820040480','Mumbai','400064'),(128,2,'Electronics',11,'Vijay Sales','9930301002, , S V Road,Borivali West,Mumbai - 400092','2012-08-06 13:24:39','','','','','','S V Road,Borivali West,Mumbai - 400092','9930301002','Mumbai','400092'),(129,2,'Electronics',11,'Vijay Sales','Andheri West,Mumbai - 400053','2012-08-06 13:24:39','','','','','','Andheri West,Mumbai - 400053','','Mumbai','400053'),(130,2,'Electronics',11,'Vijay Sales','Mr Nathalal Lotia,Mr Vijay Purohit, +(91)-(22)-26713621, 66952988, 32416868, 26714804, 26144655, 26111104, 3 Riyaz House,Opp State Bank Of India,Society Road,Vile Parle West,Mumbai - 400056','2012-08-06 13:24:40','Mr Nathalal Lotia,Mr Vijay Purohit','+(91)-(22)-26713621, 66952988, 32416868, 26714804, 26144655, 26111104','','','','3 Riyaz House,Opp State Bank Of India,Society Road,Vile Parle West,Mumbai - 400056','','Mumbai','400056'),(131,2,'Electronics',11,'Vijay Sales','Mr Navin R Gala(Proprietor),Mr Rayshibhai Gala, +(91)-(22)-22015096, 22082925, 66389817, 121/123,Opp Fanas Wadi Chira Bazaar,Dadi Seth Aggiary Lane,Chira Bazar,Mumbai - 400002','2012-08-06 13:24:41','Mr Navin R Gala(Proprietor),Mr Rayshibhai Gala','+(91)-(22)-22015096, 22082925, 66389817','','','','121/123,Opp Fanas Wadi Chira Bazaar,Dadi Seth Aggiary Lane,Chira Bazar,Mumbai - 400002','','Mumbai','400002'),(132,2,'Electronics',11,'Vijay Sales','9930301002, , Mira Road,Thane - 401107','2012-08-06 13:24:41','','','','','','Mira Road,Thane - 401107','9930301002','Thane','401107'),(133,2,'Electronics',11,'Vijay Sales','Mr Babulal Jain,Mr P P Surana, +(91)-(22)-23460991, 23471257, +(91)-(22)-23471257, 90/94 ,1st Floor,Bapu Khote Street,Masjid,Mumbai - 400003','2012-08-06 13:24:43','Mr Babulal Jain,Mr P P Surana','+(91)-(22)-23460991, 23471257','+(91)-(22)-23471257','','','90/94 ,1st Floor,Bapu Khote Street,Masjid,Mumbai - 400003','','Mumbai','400003'),(134,2,'Electronics',11,'Vijay Sales','9930301002, , Dahisar,Mumbai - 400068','2012-08-06 13:24:43','','','','','','Dahisar,Mumbai - 400068','9930301002','Mumbai','400068'),(135,2,'Electronics',11,'Vijay Sales',', ANDHERI WEST,MUMBAI - 400053','2012-08-06 13:24:45','','','','','','ANDHERI WEST,MUMBAI - 400053','','MUMBAI','400053'),(136,2,'Electronics',11,'Vijay Sales','Malad West,Mumbai - 400064','2012-08-06 13:24:46','','','','','','Malad West,Mumbai - 400064','','Mumbai','400064'),(137,2,'Electronics',1,'Croma Store','Mr Dhruv Jhamb(Store Manager), 18002583636, , www.cromaretail.com, Ground Floor, Vasundhara Chs,Near Chandan Cinema, Opposite Utpal Sanghvi School, Jvpd Scheme,Juhu,Mumbai - 400049','2012-08-06 13:24:54','Mr Dhruv Jhamb(Store Manager)','18002583636','','','www.cromaretail.com','Ground Floor, Vasundhara Chs,Near Chandan Cinema, Opposite Utpal Sanghvi School, Jvpd Scheme,Juhu,Mumbai - 400049','','Mumbai','400049'),(138,2,'Electronics',1,'Croma Store','18002583636, www.cromaretail.com, Ground Floor, Palm Spring Centre, Palm Court Complex,Next To D Mart,Link Road,Malad West,Mumbai - 400064','2012-08-06 13:24:56','','18002583636','','','www.cromaretail.com','Ground Floor, Palm Spring Centre, Palm Court Complex,Next To D Mart,Link Road,Malad West,Mumbai - 400064','','Mumbai','400064'),(139,2,'Electronics',1,'Croma Store','18002583636, , www.cromaretail.com, Link Square Mall, Plot No 490/491,Off Linking Road, Near KFC,33rd Road,Bandra West,Mumbai - 400050','2012-08-06 13:24:58','','18002583636','','','www.cromaretail.com','Link Square Mall, Plot No 490/491,Off Linking Road, Near KFC,33rd Road,Bandra West,Mumbai - 400050','','Mumbai','400050'),(140,2,'Electronics',1,'Croma Store','Mr Shashank(Store Manager), 18002583636, , www.cromaretail.com, Level 1, Grand Galleria,Phoenix Mill Compound,462, Senapati Bapat Marg,Lower Parel,Mumbai - 400013','2012-08-06 13:24:59','Mr Shashank(Store Manager)','18002583636','','','www.cromaretail.com','Level 1, Grand Galleria,Phoenix Mill Compound,462, Senapati Bapat Marg,Lower Parel,Mumbai - 400013','','Mumbai','400013'),(141,2,'Electronics',1,'Croma Store','18002583636, , www.cromaretail.com, Croma Zip, Ground Floor, Elphinstone Building,Near Horniman Circle,10, Veer Nariman Road,Fort,Mumbai - 400001','2012-08-06 13:24:59','','18002583636','','','www.cromaretail.com','Croma Zip, Ground Floor, Elphinstone Building,Near Horniman Circle,10, Veer Nariman Road,Fort,Mumbai - 400001','','Mumbai','400001'),(142,2,'Electronics',1,'Croma Store','Mr Vishal Singh(Branch Manager), 18002583636, , www.cromaretail.com, C/O, Oberoi Mall, Unit No F 25, 1ST Floor,Oberoi Garden City, Off Western Express Highway,Goregaon East,Mumbai - 400063','2012-08-06 13:25:00','Mr Vishal Singh(Branch Manager)','18002583636','','','www.cromaretail.com','C/O, Oberoi Mall, Unit No F 25, 1ST Floor,Oberoi Garden City, Off Western Express Highway,Goregaon East,Mumbai - 400063','','Mumbai','400063'),(143,2,'Electronics',1,'Croma Store','Mr Tejas Mehta(Store Manager), +(91)-(22)-61406363, 61561000, 61561010, 61561023, 18002583636, , www.cromaretail.com, C/O Unit G 10, R City Mall, Ground Floor,Opposite Presidental Tower,L B S Marg,Ghatkopar West,Mumbai - 400086','2012-08-06 13:25:02','Mr Tejas Mehta(Store Manager)','+(91)-(22)-61406363, 61561000, 61561010, 61561023, 18002583636','','','www.cromaretail.com','C/O Unit G 10, R City Mall, Ground Floor,Opposite Presidental Tower,L B S Marg,Ghatkopar West,Mumbai - 400086','','Mumbai','400086'),(144,2,'Electronics',1,'Croma Store','Mr Jitendra Yadav(Dept Manager), +(91)-(22)-61406363, 64520230, 18002583636, www.cromaretail.com, C/O Mega Mall, Unit No G/1, Ground Floor,Opposite Oshiwara Bus Depot, Lokhandwala,New Link Road,Oshiwara,Mumbai - 400102','2012-08-06 13:25:03','Mr Jitendra Yadav(Dept Manager)','+(91)-(22)-61406363, 64520230, 18002583636','','','www.cromaretail.com','C/O Mega Mall, Unit No G/1, Ground Floor,Opposite Oshiwara Bus Depot, Lokhandwala,New Link Road,Oshiwara,Mumbai - 400102','','Mumbai','400102'),(145,2,'Electronics',1,'Croma Store','+(91)-(22)-61406363, 65180075, 18002583636, www.cromaretail.com, Plot No 112, Ground Floor, Sion Garage Building,Near Cinemax Cinema, Sion Koliwada,Sion,Mumbai - 400022','2012-08-06 13:25:05','','+(91)-(22)-61406363, 65180075, 18002583636','','','www.cromaretail.com','Plot No 112, Ground Floor, Sion Garage Building,Near Cinemax Cinema, Sion Koliwada,Sion,Mumbai - 400022','','Mumbai','400022'),(146,2,'Electronics',1,'Croma Store','Mr Shrinath(Store Manager),MS Supriya, +(91)-(22)-61508400, 61508411, 61508412, 61508413, 61406363, 18002583636, , www.cromaretail.com, Colour Scape, Mall Dhamaal,Behind Bus Depot, Near Mulund Check Naka, Diagonal To R Mall, Off Lbs Marg,Dumping Road,Mulund West,Mumbai - 400080','2012-08-06 13:25:07','Mr Shrinath(Store Manager),MS Supriya','+(91)-(22)-61508400, 61508411, 61508412, 61508413, 61406363, 18002583636','','','www.cromaretail.com','Colour Scape, Mall Dhamaal,Behind Bus Depot, Near Mulund Check Naka, Diagonal To R Mall, Off Lbs Marg,Dumping Road,Mulund West,Mumbai - 400080','','Mumbai','400080'),(147,2,'Electronics',1,'Croma Store','+(91)-(22)-61406363, 18002583636, www.cromaretail.com, Dhun Abad,Junction Of Warden Road & Napean Sea Road, Near Tata Garden & Shalimar Hotel,106, Bhulabai Desai Road,Breach Candy,Mumbai - 400026','2012-08-06 13:25:08','','+(91)-(22)-61406363, 18002583636','','','www.cromaretail.com','Dhun Abad,Junction Of Warden Road & Napean Sea Road, Near Tata Garden & Shalimar Hotel,106, Bhulabai Desai Road,Breach Candy,Mumbai - 400026','','Mumbai','400026'),(148,2,'Electronics',1,'Croma Store','18002583636, , www.cromaretail.com, 1ST Floor, Thakur Mall,Near Dahisar Check Naka,Western Express Highway,Dahisar,Mumbai - 400068','2012-08-06 13:25:10','','18002583636','','','www.cromaretail.com','1ST Floor, Thakur Mall,Near Dahisar Check Naka,Western Express Highway,Dahisar,Mumbai - 400068','','Mumbai','400068'),(149,2,'Electronics',1,'Croma Store','Mr Gurmeet Bhatia(Store Manager), +(91)-(22)-64564665, 61406363, 18002583636, www.cromaretail.com, Unit No 6-12, Ground Floor, R Mall,Opposite Lawkim Stop,Ghodbandar Road,Thane West,Thane - 400601','2012-08-06 13:25:12','Mr Gurmeet Bhatia(Store Manager)','+(91)-(22)-64564665, 61406363, 18002583636','','','www.cromaretail.com','Unit No 6-12, Ground Floor, R Mall,Opposite Lawkim Stop,Ghodbandar Road,Thane West,Thane - 400601','','Thane','400601'),(150,2,'Electronics',1,'Croma Store','Mr Harshal(Store Manager), +(91)-(22)-61406363, 61508600, 61508612, 18002583636, , www.cromaretail.com, Plot No 34/35 A, Lord Building,Sector No 15, CBD,Palm Beach Road,CBD Belapur,Navi Mumbai - 400614','2012-08-06 13:25:13','Mr Harshal(Store Manager)','+(91)-(22)-61406363, 61508600, 61508612, 18002583636','','','www.cromaretail.com','Plot No 34/35 A, Lord Building,Sector No 15, CBD,Palm Beach Road,CBD Belapur,Navi Mumbai - 400614','','Navi Mumbai','400614'),(151,2,'Electronics',1,'Croma Store','18002583636, , www.cromaretail.com, Rasheesh Mall,Near New Flyover Bridge & Maxus Mall, Beside Bata Showroom,Shri Vallabhacharyaji Marg,Bhayandar West,Mumbai - 401101','2012-08-06 13:25:15','','18002583636','','','www.cromaretail.com','Rasheesh Mall,Near New Flyover Bridge & Maxus Mall, Beside Bata Showroom,Shri Vallabhacharyaji Marg,Bhayandar West,Mumbai - 401101','','Mumbai','401101'),(152,2,'Electronics',1,'Croma Store','+(91)-(22)-65110269, 61406363, 18002583636, , www.cromaretail.com, C/O Centre One Mall, Ground Floor,Opposite Railway Station, Sector 30,Mumbai Pune Highway,Vashi,Navi Mumbai - 400703','2012-08-06 13:25:17','','+(91)-(22)-65110269, 61406363, 18002583636','','','www.cromaretail.com','C/O Centre One Mall, Ground Floor,Opposite Railway Station, Sector 30,Mumbai Pune Highway,Vashi,Navi Mumbai - 400703','','Navi Mumbai','400703'),(153,2,'Electronics',1,'Croma Store','+(91)-(22)-61406363, 18002583636, , www.cromaretail.com, Phase II, Departure Terminal B1,Domestic Airport,Santacruz East,Mumbai - 400029','2012-08-06 13:25:18','','+(91)-(22)-61406363, 18002583636','','','www.cromaretail.com','Phase II, Departure Terminal B1,Domestic Airport,Santacruz East,Mumbai - 400029','','Mumbai','400029'),(154,2,'Electronics',1,'Croma Store','18002583636, www.cromaretail.com, GK 25, Ground Floor, Plot No 39/1, Inorbit Mall,Sector 30 A, Between Foresight Vision Care & Allen Solly Showroom,Vashi,Navi Mumbai - 400703','2012-08-06 13:25:18','','18002583636','','','www.cromaretail.com','GK 25, Ground Floor, Plot No 39/1, Inorbit Mall,Sector 30 A, Between Foresight Vision Care & Allen Solly Showroom,Vashi,Navi Mumbai - 400703','','Navi Mumbai','400703');

/*Table structure for table `brand_master` */

DROP TABLE IF EXISTS `brand_master`;

CREATE TABLE `brand_master` (
  `BRAND_ID` int(11) NOT NULL AUTO_INCREMENT,
  `CAT_ID` int(11) DEFAULT NULL,
  `BRAND_NAME` varchar(100) DEFAULT NULL,
  `BRAND_ADDED_ON` timestamp NOT NULL DEFAULT CURRENT_TIMESTAMP ON UPDATE CURRENT_TIMESTAMP,
  PRIMARY KEY (`BRAND_ID`)
) ENGINE=InnoDB AUTO_INCREMENT=13 DEFAULT CHARSET=latin1;

/*Data for the table `brand_master` */

insert  into `brand_master`(`BRAND_ID`,`CAT_ID`,`BRAND_NAME`,`BRAND_ADDED_ON`) values (1,NULL,'Croma Store','2012-08-06 14:34:15'),(2,NULL,'Ezone','2012-08-08 12:36:32'),(3,NULL,'LG Shoppe','2012-08-06 14:36:15'),(4,NULL,'Rahul Electronics','2012-08-06 14:36:20'),(5,NULL,'Reliance Digital','2012-08-06 14:36:25'),(6,NULL,'Samsung Showrooms','2012-08-06 14:36:29'),(7,NULL,'Snehaanjali Electronics','2012-08-06 14:36:35'),(8,NULL,'Sony Mony Electronics','2012-08-06 14:36:39'),(9,NULL,'Sony Showrooms','2012-08-06 14:36:43'),(10,NULL,'Videocon','2012-08-06 14:36:47'),(11,NULL,'Vijay Sales','2012-08-06 14:36:50'),(12,NULL,'Big Bazar','2012-08-06 17:51:22');

/*Table structure for table `category` */

DROP TABLE IF EXISTS `category`;

CREATE TABLE `category` (
  `CAT_ID` int(11) NOT NULL AUTO_INCREMENT,
  `CAT_NAME` varchar(50) DEFAULT NULL,
  `CAT_ADDED_ON` timestamp NOT NULL DEFAULT CURRENT_TIMESTAMP,
  PRIMARY KEY (`CAT_ID`)
) ENGINE=InnoDB AUTO_INCREMENT=4 DEFAULT CHARSET=latin1;

/*Data for the table `category` */

insert  into `category`(`CAT_ID`,`CAT_NAME`,`CAT_ADDED_ON`) values (1,'Entertainment','2012-08-01 16:16:52'),(2,'Electronics','2012-08-01 16:16:37'),(3,'General','2012-08-01 16:22:35');

/*Table structure for table `offer_details` */

DROP TABLE IF EXISTS `offer_details`;

CREATE TABLE `offer_details` (
  `OFFER_ID` int(11) NOT NULL AUTO_INCREMENT,
  `BRAND_ID` int(11) DEFAULT NULL,
  `PRODUCT_ID` int(11) DEFAULT NULL,
  `OFFER_TITLE` varchar(200) DEFAULT NULL,
  `OFFER_DESCRIPTION` text,
  `OFFER_TYPE` varchar(10) DEFAULT NULL,
  `OFFER_START` date DEFAULT NULL,
  `OFFER_END` date DEFAULT NULL,
  `OFFER_WEEK_DAYS` varchar(25) DEFAULT NULL,
  `OFFER_START_TIME` double DEFAULT NULL,
  `OFFER_END_TIME` double DEFAULT NULL,
  `OFFER_DURATION` text,
  `OFFER_ADDED_ON` timestamp NOT NULL DEFAULT CURRENT_TIMESTAMP ON UPDATE CURRENT_TIMESTAMP,
  PRIMARY KEY (`OFFER_ID`)
) ENGINE=InnoDB AUTO_INCREMENT=15 DEFAULT CHARSET=latin1;

/*Data for the table `offer_details` */

insert  into `offer_details`(`OFFER_ID`,`BRAND_ID`,`PRODUCT_ID`,`OFFER_TITLE`,`OFFER_DESCRIPTION`,`OFFER_TYPE`,`OFFER_START`,`OFFER_END`,`OFFER_WEEK_DAYS`,`OFFER_START_TIME`,`OFFER_END_TIME`,`OFFER_DURATION`,`OFFER_ADDED_ON`) values (3,11,2,'Buy 2 Get 60% Off',NULL,'monthly','2012-08-01','2012-08-30','0',NULL,NULL,NULL,'2012-08-14 13:21:07'),(4,5,3,'Buy 1 Get 1 Free',NULL,'monthly','2012-08-01','2012-08-13','0',NULL,NULL,NULL,'2012-08-13 18:49:15'),(8,3,1,'5% off on new arrivals',NULL,'monthly','2012-08-29','2012-08-31','0,0,0,0,0,',13,16,'5 Days, 00:00:00','2012-08-14 13:20:25'),(14,3,4,'flat 40 % off','offer valid upto stock available','hourly','2012-08-13','2012-08-15','0,',1,16,'2 Days, 00:00:00','2012-08-13 16:45:36');

/*Table structure for table `product` */

DROP TABLE IF EXISTS `product`;

CREATE TABLE `product` (
  `PRODUCT_ID` int(11) NOT NULL AUTO_INCREMENT,
  `BRAND_ID` int(11) DEFAULT NULL,
  `PRODUCT_NAME` varchar(200) DEFAULT NULL,
  `PRODUCT_MODEL_NO` varchar(100) DEFAULT NULL,
  `PRODUCT_TITLE` text,
  `PRODUCT_DESCRIPTION` text,
  `PRODUCT_IMAGE` varchar(100) DEFAULT NULL,
  `PRODUCT_ADDED_ON` timestamp NOT NULL DEFAULT CURRENT_TIMESTAMP ON UPDATE CURRENT_TIMESTAMP,
  PRIMARY KEY (`PRODUCT_ID`)
) ENGINE=InnoDB AUTO_INCREMENT=6 DEFAULT CHARSET=latin1;

/*Data for the table `product` */

insert  into `product`(`PRODUCT_ID`,`BRAND_ID`,`PRODUCT_NAME`,`PRODUCT_MODEL_NO`,`PRODUCT_TITLE`,`PRODUCT_DESCRIPTION`,`PRODUCT_IMAGE`,`PRODUCT_ADDED_ON`) values (1,3,'LG LAPTOP','P420-N','NEW SLIM BEZEL NEW DUAL POWERLG','Seize your smart style with LG Blade that intergrates our slimmest design with new and innovative technologies. \r\nEvery angle is sliced slimmer from its super slim 4.5mm LED LCD to its 10mm super slim Bezel that\'s packed within the metallic 23.8mm body. \r\nThe trendsetting slim style never sacrifices speed or power as it offers the best combination of performance for size. \r\nJoin the slim revolution with the sharp styled LG Blade.','LG Laptop.jpg','2012-08-06 17:09:01'),(2,11,'Full HD 3D LED LCD Notebook','LG A520-D Notebook','Get the 3D Edge',' 15.6(39.62 cms) Full HD 3D LED LCD Notebook\r\n\r\nGet closer to your entertainment than ever before with LG\'s optimized FULL HD FPR (Film Patterned Retarder) 3D Technology. With unprecedented 3D innovations you truly won\'t believe your eyes. ','lcdNotebook.jpg','2012-08-09 11:54:36'),(3,5,'Reliance Digital TV','Rel 256','Digital TV Offers You a World of Interactive Applications','Key Learning in Physics, Chemistry, Biology & Math for class 9, 10 & 12\r\nEasy to understand and remember, point wish summation of important topics\r\nLaunch offer: iEducation Free for all viewers\r\nHot Key for Topper Channel\r\nNow study time will be TV time','reliance digital big Tv.jpg','2012-08-13 11:28:05'),(4,3,'John Miller shirt','JM 2506','John Miler Shirt','John Miler Shirt Description','teaser-homepage.jpg','2012-08-13 16:23:44'),(5,1,'Buffalo MiniStation Stealth ','SKU: 172337','Buffalo MiniStation Stealth HD-PCT1TU3/BB 1 TB USB 3.0 External Hard Drive','    Store your data safely and conveniently by using the Buffalo MiniStation Stealth HD-PCT1TU3 USB 3.0 External Hard Drive. This portable storage device is designed for use with most PC and Mac systems. This external hard drive has a compact and lightweight design that makes it user-friendly. \r\n\r\nThe Buffalo MiniStation does not have an additional power cord. It features the USB 3.0 Interface that offers high-speed connectivity for faster data transfer. You will face no hassles while backing up your files on this 1 TB hard drive. The useful Buffalo Tools utility suite is also available in this package.','172337.jpg','2012-08-14 13:29:59');

/*Table structure for table `sub_category` */

DROP TABLE IF EXISTS `sub_category`;

CREATE TABLE `sub_category` (
  `SUB_CAT_ID` int(11) NOT NULL AUTO_INCREMENT,
  `CAT_ID` int(11) DEFAULT NULL,
  `SUB_CAT_NAME` varchar(50) DEFAULT NULL,
  `SUB_CAT_ADDED` timestamp NOT NULL DEFAULT CURRENT_TIMESTAMP ON UPDATE CURRENT_TIMESTAMP,
  PRIMARY KEY (`SUB_CAT_ID`)
) ENGINE=InnoDB AUTO_INCREMENT=5 DEFAULT CHARSET=latin1;

/*Data for the table `sub_category` */

insert  into `sub_category`(`SUB_CAT_ID`,`CAT_ID`,`SUB_CAT_NAME`,`SUB_CAT_ADDED`) values (1,2,'TV','2012-08-01 17:51:43'),(2,1,'Movies','2012-08-01 17:09:52'),(3,1,'Computer','2012-08-01 17:52:08'),(4,3,'Others','2012-08-01 17:11:25');

/*Table structure for table `user_type` */

DROP TABLE IF EXISTS `user_type`;

CREATE TABLE `user_type` (
  `ID` int(11) NOT NULL AUTO_INCREMENT,
  `USER_TYPE` varchar(50) DEFAULT NULL,
  PRIMARY KEY (`ID`)
) ENGINE=InnoDB AUTO_INCREMENT=4 DEFAULT CHARSET=latin1;

/*Data for the table `user_type` */

insert  into `user_type`(`ID`,`USER_TYPE`) values (1,'admin'),(2,'user'),(3,'client');

/*Table structure for table `useraccount` */

DROP TABLE IF EXISTS `useraccount`;

CREATE TABLE `useraccount` (
  `Id` int(11) NOT NULL AUTO_INCREMENT,
  `Username` varchar(256) NOT NULL,
  `Password` varchar(32) NOT NULL,
  `FirstName` varchar(256) NOT NULL,
  `LastName` varchar(256) NOT NULL,
  `EmailId` varchar(256) DEFAULT NULL,
  `Type` int(11) DEFAULT '2',
  PRIMARY KEY (`Id`)
) ENGINE=InnoDB AUTO_INCREMENT=24 DEFAULT CHARSET=latin1;

/*Data for the table `useraccount` */

insert  into `useraccount`(`Id`,`Username`,`Password`,`FirstName`,`LastName`,`EmailId`,`Type`) values (4,'client','62608e08adc29a8d6dbc9754e659f125','Arvind','Prajapati','arvind.prajapati18@gmail.com',3),(5,'user','ee11cbb19052e40b07aac0ca060c23ee','Cubic','Tree','cubictree@cubic.com',2),(9,'Amit_cubic','d2b3f63948406cb893544cee035531d3','Amit','Shrivastav','amit@cubictree.com',2),(21,'admin','21232f297a57a5a743894a0e4a801fc3','admin','admin','admin@cubictree.com',1),(22,'annahazare','a70f9e38ff015afaa9ab0aacabee2e13','anna','hazare','annahazare@gmail.com',2),(23,'shubhas','c9b95711776cb2f4ca838bd750ee051c','shubhaschandra','bose','shubhas@gmail.com',2);

/*!40101 SET SQL_MODE=@OLD_SQL_MODE */;
/*!40014 SET FOREIGN_KEY_CHECKS=@OLD_FOREIGN_KEY_CHECKS */;
